year,quarter,province,unemployment_rate_pct,source_release
2019,Q2,South Africa,29.0,Q2_2020
2020,Q2,South Africa,23.3,Q2_2020
2021,Q2,South Africa,34.4,Q2_2022
2022,Q2,South Africa,33.9,Q2_2022
2023,Q2,South Africa,32.6,Q2_2024
2024,Q2,South Africa,33.5,Q2_2024
2025,Q2,South Africa,33.2,Q2_2026
2026,Q2,South Africa,33.6,Q2_2026
2019,Q2,Western Cape,20.4,Q2_2020
2020,Q2,Western Cape,16.6,Q2_2020
2021,Q2,Western Cape,25.8,Q2_2022
2022,Q2,Western Cape,27.5,Q2_2022
2023,Q2,Western Cape,20.9,Q2_2024
2024,Q2,Western Cape,22.2,Q2_2024
2025,Q2,Western Cape,21.1,Q2_2026
2026,Q2,Western Cape,19.5,Q2_2026
2019,Q2,Eastern Cape,35.4,Q2_2020
2020,Q2,Eastern Cape,36.9,Q2_2020
2021,Q2,Eastern Cape,47.1,Q2_2022
2022,Q2,Eastern Cape,42.8,Q2_2022
2023,Q2,Eastern Cape,39.7,Q2_2024
2024,Q2,Eastern Cape,41.0,Q2_2024
2025,Q2,Eastern Cape,39.5,Q2_2026
2026,Q2,Eastern Cape,47.5,Q2_2026
2019,Q2,Northern Cape,29.4,Q2_2020
2020,Q2,Northern Cape,25.1,Q2_2020
2021,Q2,Northern Cape,28.1,Q2_2022
2022,Q2,Northern Cape,23.7,Q2_2022
2023,Q2,Northern Cape,26.9,Q2_2024
2024,Q2,Northern Cape,32.0,Q2_2024
2025,Q2,Northern Cape,32.7,Q2_2026
2026,Q2,Northern Cape,28.7,Q2_2026
2019,Q2,Free State,34.4,Q2_2020
2020,Q2,Free State,25.3,Q2_2020
2021,Q2,Free State,36.5,Q2_2022
2022,Q2,Free State,32.4,Q2_2022
2023,Q2,Free State,36.7,Q2_2024
2024,Q2,Free State,37.6,Q2_2024
2025,Q2,Free State,38.5,Q2_2026
2026,Q2,Free State,37.3,Q2_2026
2019,Q2,KwaZulu-Natal,26.1,Q2_2020
2020,Q2,KwaZulu-Natal,18.9,Q2_2020
2021,Q2,KwaZulu-Natal,32.5,Q2_2022
2022,Q2,KwaZulu-Natal,32.7,Q2_2022
2023,Q2,KwaZulu-Natal,31.0,Q2_2024
2024,Q2,KwaZulu-Natal,31.1,Q2_2024
2025,Q2,KwaZulu-Natal,33.4,Q2_2026
2026,Q2,KwaZulu-Natal,32.5,Q2_2026
2019,Q2,North West,33.0,Q2_2020
2020,Q2,North West,21.6,Q2_2020
2021,Q2,North West,35.2,Q2_2022
2022,Q2,North West,32.2,Q2_2022
2023,Q2,North West,36.8,Q2_2024
2024,Q2,North West,41.3,Q2_2024
2025,Q2,North West,40.1,Q2_2026
2026,Q2,North West,38.1,Q2_2026
2019,Q2,Gauteng,31.1,Q2_2020
2020,Q2,Gauteng,26.4,Q2_2020
2021,Q2,Gauteng,35.4,Q2_2022
2022,Q2,Gauteng,34.4,Q2_2022
2023,Q2,Gauteng,34.4,Q2_2024
2024,Q2,Gauteng,35.1,Q2_2024
2025,Q2,Gauteng,33.8,Q2_2026
2026,Q2,Gauteng,34.6,Q2_2026
2019,Q2,Mpumalanga,34.7,Q2_2020
2020,Q2,Mpumalanga,13.3,Q2_2020
2021,Q2,Mpumalanga,35.2,Q2_2022
2022,Q2,Mpumalanga,36.1,Q2_2022
2023,Q2,Mpumalanga,38.4,Q2_2024
2024,Q2,Mpumalanga,37.4,Q2_2024
2025,Q2,Mpumalanga,34.0,Q2_2026
2026,Q2,Mpumalanga,36.6,Q2_2026
2019,Q2,Limpopo,20.3,Q2_2020
2020,Q2,Limpopo,21.9,Q2_2020
2021,Q2,Limpopo,30.4,Q2_2022
2022,Q2,Limpopo,36.3,Q2_2022
2023,Q2,Limpopo,31.6,Q2_2024
2024,Q2,Limpopo,31.4,Q2_2024
2025,Q2,Limpopo,35.0,Q2_2026
2026,Q2,Limpopo,32.0,Q2_2026
